Date,Number,String
2012-01-20,7399,BQAXGLydHk
2013-08-09,7627,QeV
2009-03-31,2873,sZX
2002-03-10,8383,RBopDclC
2018-10-18,4238,HdzpTfYbE
2021-05-22,4901,tbxCZPC
2001-10-16,8649,PyNhugJgsU
2006-01-10,4162,CHF
2005-04-19,9049,jxYLeRSrqx
2004-03-11,5587,BRvX
2014-07-16,8418,IugX
2004-04-26,2444,djjHXw
2012-04-25,4429,llSGizXWg
2014-01-20,7711,JEBlCpw
2017-08-01,3346,bjcHS
2008-07-07,7400,pkbSQ
2021-05-31,4088,ypeA
2000-02-04,5142,gevMIw
2014-09-07,1230,yzeUZRGgQ
2011-01-28,2968,KrhFkyf
2019-09-14,9578,DgsQ
2020-03-22,3370,wzbVu
2013-07-09,5877,fcnFvTcCp
2021-07-13,3119,wVfNDfaX
2009-01-08,6770,LGWA
2000-04-23,2074,JnLhhxtNA
2005-04-07,766,WloCa
2014-10-03,3188,BycBry
2004-02-02,548,IyxbrQmBx
2020-12-17,4901,uNQnLStw
2001-03-14,6406,ITIGWAZ
2005-01-14,8317,DNlsOVI
2007-06-25,1992,CqFx
2022-05-13,5853,zhiqzCEgK
2006-12-30,7150,OQqStLVcVc
2021-04-05,8277,AEuCBf
2008-06-25,4442,FWbjrdEmY
2011-05-01,6287,ixzSZB
2008-05-21,1911,YMUE
2017-07-19,277,oRRJ
2018-10-06,6718,hyH
2005-09-24,4276,EUnpm
2008-05-08,4998,gyd
2022-12-20,220,kGlEhXSHnk
2015-01-26,8338,Nngh
2001-05-31,2774,XaAQZGjzi
2008-09-27,9906,QKiU
2008-09-09,2188,lLZjtQ
2007-03-28,6027,RMO
2006-02-13,7873,avI
2010-11-16,1483,BpsTSm
2022-07-19,2771,aJzrJCR
2014-01-04,6872,mAIo
2010-04-09,3461,nVlxnu
2014-12-10,4309,LjWpUeVddh
2012-05-07,1205,CAaVU
2006-11-07,8302,rwCtQ
2014-07-01,9209,mJLxekAKc
2021-06-17,1131,xiRvWQGXBH
2006-10-16,3747,SrWvGGYCht
2020-02-24,7397,kAR
2016-10-01,7397,piMqpMc
2014-10-19,4366,NAMrF
2012-04-02,6443,PMU
2015-06-16,3008,FFJKQuHHm
2004-01-24,954,OhkjwfVe
2020-01-28,7177,jGGJn
2013-11-23,4174,AQNTWm
2020-11-21,6133,kQlsRlHOCK
2014-02-09,9088,EMhI
2011-03-25,1531,vIZMrj
2019-03-06,3789,BZmy
2010-04-13,3924,PNGubVe
2000-10-18,4272,WNfoVla
2004-01-20,6425,AcNovxVYC
2003-06-05,6966,ClmHcOxfo
2001-09-01,9415,tuUW
2012-06-25,529,xxnhh
2019-02-22,8848,ypxIr
2012-11-26,9082,EPcZSVVD
2019-01-23,5248,BdBAYR
2000-02-16,5966,FvjaZSTdi
2014-02-09,6140,xJFJDfyg
2007-05-18,4522,DwvPuxWpEQ
2006-03-24,6966,NVDcBoS
2001-08-09,9154,BJqlF
2004-12-19,6469,ImQQK
2006-07-21,5204,JRz
2013-07-11,7640,bziS
2020-11-09,6439,ZvOcFbpDm
2019-04-18,9138,ulgA
2003-12-09,1123,GkKlvWSjLM
2010-05-18,867,sgVS
2001-09-03,3236,wgKtz
2016-06-21,8169,uRzs
2020-12-27,5130,KqWnZYoZPU
2014-01-10,3876,MoIJR
2004-02-03,434,zjepYKZbV
2008-06-15,7175,dTKARXTuzq
2011-05-12,341,yGUz
2002-04-22,8580,REABhTd
2007-10-11,3192,yeEES
2015-02-18,2713,OVvOeEEcTQ
2011-10-21,1624,pvyLTkcgG
2022-12-07,4648,kLl
2002-03-05,1272,dGxqC
2004-12-01,8516,KjjMwQHjs
2016-11-21,4397,mAv
2010-05-24,8946,qbaQkV
2018-04-22,3103,wJKj
2020-04-13,9442,hISt
2014-03-27,4249,AuhFIeMK
2011-02-26,9567,mBqUcbX
2000-06-24,3135,IMNUChLp
2001-01-17,8939,CCRYaFfPE
2009-12-06,9046,OyYLLbr
2009-10-26,2807,IXXqtSNe
2003-09-02,9894,yOrBxlgr
2021-05-19,6647,FXJQRGCV
2002-06-21,3636,EXDtU
2005-04-16,2658,ohOidFUk
2000-12-08,118,ciG
2020-02-09,6130,fioYON
2018-10-03,7635,diwKhxNVXS
2016-07-19,7119,FSEmbsEqne
2015-06-12,2475,TASZgMYidK
2011-09-06,1676,Aab
2008-08-17,2394,LdXuGMaG
2022-11-25,1278,sWcdNmfb
2005-05-04,7427,RsNoInMLMX
2020-09-30,5723,QMqeaaPMMS
2017-05-22,738,efcoSjZjv
2012-09-14,1752,aRyQqwdP
2019-02-25,6399,YMF
2012-11-13,9945,wDzs
2014-11-24,9188,hbAJ
2011-02-27,6839,ZMNn
2002-10-28,8951,ZYmKqG
2017-09-20,5878,enCxfiljJ
2005-09-07,3366,LsW
2018-02-06,3709,MZKU
2009-11-27,9976,qfWdq
2012-10-24,1005,GnUVpzEFnG
2005-04-27,198,XJkljJn
2013-11-20,6044,ACztEAO
2001-11-09,7499,XUA
2011-02-25,6973,ligcwxJ
2008-11-03,9355,Fjyt
2016-08-28,8670,KqGgrhg
2020-12-03,5119,KJSolcpLV
2009-10-08,3933,Unl
2007-10-04,6133,fvkZVIXEdN
2021-06-28,1391,nKzx
2022-03-15,9764,FZWrbnx
2006-10-09,2403,NdN
2004-12-02,5746,YkQJaZvure
2009-07-10,9887,opRSfH
2009-11-02,1455,lMOP
2002-03-13,8501,fgglI
2012-08-27,7306,MgEzB
2015-04-04,1255,LVDEn
2005-11-12,5518,ipMI
2010-01-20,9236,DSfwDfbOp
2018-07-17,925,xMh
2021-09-30,9334,dkkoOpUpk
2002-10-10,1668,NerBAtyKsm
2020-11-15,2942,ZBtW
2005-02-01,2116,lNDe
2002-04-26,2297,caRtuOZ
2016-11-07,8986,CoipWzDEJ
2012-07-07,7341,RKmQsfnsnH
2014-02-16,2495,PiZy
2012-04-19,4937,FNUINf
2020-08-16,7797,EmsoyxwzV
2019-09-26,5825,aTNyCz
2006-05-25,797,PFmlplyLr
2001-12-13,3665,TpQCo
2012-07-25,747,afDHTEGP
2015-02-16,6090,KNouPCDfnG
2014-02-13,7476,SYYLrYKrBT
2021-08-11,6242,eHn
2021-01-30,3723,EuBnK
2014-01-30,3937,YTQhLTd
2012-08-05,2070,LyeGkZho
2014-12-03,5696,WfjqvPx
2014-11-26,8822,QfbQGwMBM
2009-08-28,9197,HVU
2016-04-01,714,AkTzstWj
2021-02-08,5963,GatxlNaoSQ
2003-07-01,8446,CVqFN
2009-07-14,3865,Ujfu
2020-08-31,3891,RgJQi
2016-09-04,71,QzyUr
2012-02-22,9622,dRTnKqUKA
2000-11-05,1170,rOShBzCeS
2006-07-07,1451,apohnwMa
2008-08-27,3893,gxkdrH
2005-01-29,7216,emlmj
2022-09-24,2510,rJDZkUL
2008-11-20,3709,bbfXiBstj
2008-05-22,7755,KKfVYHU
2006-06-10,6890,MfnB
2015-10-22,2136,jeticQr
2001-11-17,1652,YJBLhWw
2006-06-17,4494,MXZDaEfGD
2008-11-04,539,TQGg
2012-11-09,4597,XFoSLT
2014-06-15,528,ACYQrmAY
2019-12-13,4830,krHU
2010-10-07,5112,hfpFJybnXX
2010-11-02,1378,SKeUwIkC
2015-11-05,9011,ggabhd
2022-03-18,1378,MroxWxfpLn
2022-07-11,3163,GvczG
2002-11-02,7166,VVCIq
2019-10-15,712,flQahq
2016-05-02,2533,TsDh
2008-03-10,8329,Oqk
2004-02-02,3797,vyaAlW
2022-05-08,8143,aDVEd
2002-09-29,7958,wmhFCdWV
2006-10-30,2296,SplYyhpenD
2017-08-18,6320,Rlie
2008-12-15,91,pDBHGHKU
2002-08-02,9652,cICjpE
2004-04-09,2088,bOcrzWk
2022-04-03,3821,gZksehb
2010-11-14,5075,xxGsmSV
2002-10-15,5625,GGUD
2008-12-19,1048,GdaPYCnH
2014-04-16,635,rDAQMXO
2000-12-05,5745,BlrP
2008-06-04,9091,TwnEnB
2007-02-06,6201,BSrXqsP
2011-06-05,6084,dqDdDItZhe
2002-04-03,2533,iyNjdlws
2016-11-27,2656,DGztqmXQKC
2017-07-09,6390,BNGPOGqe
2019-12-16,7146,dsfeqNZG
2009-01-07,7068,zfTjhiVb
2022-03-28,8392,MpvR
2022-03-24,325,QPcDvOh
2004-12-10,4699,ioCC
2020-08-23,2165,IOgFMbcS
2000-09-14,6347,pvm
2003-02-15,3720,dauBTIDJ
2004-02-24,6818,QUP
2019-01-26,2204,qiBOTQ
2003-12-10,480,ZgWHQ
2016-05-07,7017,OlnjVhsOU
2014-03-17,3872,DqRacXh
2001-06-25,8267,oVfnU
2011-07-05,9593,wLAPqyO
2003-11-01,2563,QTi
2019-03-08,1203,YISUbtrX
2018-08-25,8413,Xmo
2014-05-28,7195,kgE
2013-12-13,6390,YgqTcnx
2022-07-07,7877,wnwc
2018-02-20,2642,otZU
2016-05-03,5149,ztWZZru
2002-06-27,2108,ZmOqxCKek
2009-07-26,3704,XMJEH
2009-11-23,147,SIFR
2014-06-24,9126,CgWXxblOgB
2015-03-23,549,UpGDkHG
2015-01-11,747,HJETEHdLp
2006-05-12,2368,nSeGT
2016-03-04,1150,xqcBTrxaM
2013-04-24,275,CKdMPjNq
2009-01-04,6982,cHU
2012-05-24,3666,xgBpuiIaPU
2006-09-24,7243,pYuPPp
